{
  "version": "5",
  "dialect": "pg",
  "id": "ec9ffd80-a5e3-435b-9c28-74871dc2f84a",
  "prevId": "00000000-0000-0000-0000-000000000000",
  "tables": {
    "account": {
      "name": "account",
      "schema": "",
      "columns": {
        "userId": {
          "name": "userId",
          "type": "varchar(255)",
          "primaryKey": false,
          "notNull": true
        },
        "type": {
          "name": "type",
          "type": "varchar(255)",
          "primaryKey": false,
          "notNull": true
        },
        "provider": {
          "name": "provider",
          "type": "varchar(255)",
          "primaryKey": false,
          "notNull": true
        },
        "providerAccountId": {
          "name": "providerAccountId",
          "type": "varchar(255)",
          "primaryKey": false,
          "notNull": true
        },
        "refresh_token": {
          "name": "refresh_token",
          "type": "varchar(255)",
          "primaryKey": false,
          "notNull": false
        },
        "access_token": {
          "name": "access_token",
          "type": "varchar(255)",
          "primaryKey": false,
          "notNull": false
        },
        "expires_at": {
          "name": "expires_at",
          "type": "integer",
          "primaryKey": false,
          "notNull": false
        },
        "token_type": {
          "name": "token_type",
          "type": "varchar(255)",
          "primaryKey": false,
          "notNull": false
        },
        "scope": {
          "name": "scope",
          "type": "varchar(255)",
          "primaryKey": false,
          "notNull": false
        },
        "id_token": {
          "name": "id_token",
          "type": "text",
          "primaryKey": false,
          "notNull": false
        },
        "session_state": {
          "name": "session_state",
          "type": "varchar(255)",
          "primaryKey": false,
          "notNull": false
        }
      },
      "indexes": {},
      "foreignKeys": {},
      "compositePrimaryKeys": {
        "account_provider_providerAccountId": {
          "name": "account_provider_providerAccountId",
          "columns": [
            "provider",
            "providerAccountId"
          ]
        }
      },
      "uniqueConstraints": {}
    },
    "books": {
      "name": "books",
      "schema": "",
      "columns": {
        "id": {
          "name": "id",
          "type": "serial",
          "primaryKey": true,
          "notNull": true
        },
        "userId": {
          "name": "userId",
          "type": "varchar(255)",
          "primaryKey": false,
          "notNull": true
        },
        "monthIncome": {
          "name": "monthIncome",
          "type": "numeric",
          "primaryKey": false,
          "notNull": true
        },
        "totalSpendings": {
          "name": "totalSpendings",
          "type": "numeric",
          "primaryKey": false,
          "notNull": true,
          "default": "'0'"
        },
        "createdAt": {
          "name": "createdAt",
          "type": "date",
          "primaryKey": false,
          "notNull": true,
          "default": "now()"
        },
        "needsPercentage": {
          "name": "needsPercentage",
          "type": "numeric",
          "primaryKey": false,
          "notNull": true
        },
        "wantsPercentage": {
          "name": "wantsPercentage",
          "type": "numeric",
          "primaryKey": false,
          "notNull": true
        },
        "investmentsPercentage": {
          "name": "investmentsPercentage",
          "type": "numeric",
          "primaryKey": false,
          "notNull": true
        }
      },
      "indexes": {},
      "foreignKeys": {},
      "compositePrimaryKeys": {},
      "uniqueConstraints": {}
    },
    "dues": {
      "name": "dues",
      "schema": "",
      "columns": {
        "id": {
          "name": "id",
          "type": "serial",
          "primaryKey": true,
          "notNull": true
        },
        "entryName": {
          "name": "entryName",
          "type": "varchar(100)",
          "primaryKey": false,
          "notNull": true
        },
        "entryType": {
          "name": "entryType",
          "type": "varchar(100)",
          "primaryKey": false,
          "notNull": true,
          "default": "'pending'"
        },
        "dueType": {
          "name": "dueType",
          "type": "varchar(100)",
          "primaryKey": false,
          "notNull": true
        },
        "amount": {
          "name": "amount",
          "type": "numeric",
          "primaryKey": false,
          "notNull": true
        },
        "userId": {
          "name": "userId",
          "type": "varchar(255)",
          "primaryKey": false,
          "notNull": true
        },
        "dueDate": {
          "name": "dueDate",
          "type": "date",
          "primaryKey": false,
          "notNull": true
        },
        "transferAccountType": {
          "name": "transferAccountType",
          "type": "varchar(100)",
          "primaryKey": false,
          "notNull": false
        },
        "transferAccountId": {
          "name": "transferAccountId",
          "type": "integer",
          "primaryKey": false,
          "notNull": false
        },
        "createdAt": {
          "name": "createdAt",
          "type": "date",
          "primaryKey": false,
          "notNull": true,
          "default": "now()"
        }
      },
      "indexes": {},
      "foreignKeys": {},
      "compositePrimaryKeys": {},
      "uniqueConstraints": {}
    },
    "investments": {
      "name": "investments",
      "schema": "",
      "columns": {
        "id": {
          "name": "id",
          "type": "serial",
          "primaryKey": true,
          "notNull": true
        },
        "entryName": {
          "name": "entryName",
          "type": "varchar(100)",
          "primaryKey": false,
          "notNull": true
        },
        "tradeBooks": {
          "name": "tradeBooks",
          "type": "boolean",
          "primaryKey": false,
          "notNull": true,
          "default": false
        },
        "entryType": {
          "name": "entryType",
          "type": "varchar(100)",
          "primaryKey": false,
          "notNull": true
        },
        "amount": {
          "name": "amount",
          "type": "numeric",
          "primaryKey": false,
          "notNull": true
        },
        "transferingTo": {
          "name": "transferingTo",
          "type": "varchar(100)",
          "primaryKey": false,
          "notNull": false
        },
        "transferingFrom": {
          "name": "transferingFrom",
          "type": "varchar(100)",
          "primaryKey": false,
          "notNull": false
        },
        "userId": {
          "name": "userId",
          "type": "varchar(255)",
          "primaryKey": false,
          "notNull": true
        },
        "createdAt": {
          "name": "createdAt",
          "type": "date",
          "primaryKey": false,
          "notNull": true,
          "default": "now()"
        }
      },
      "indexes": {},
      "foreignKeys": {},
      "compositePrimaryKeys": {},
      "uniqueConstraints": {}
    },
    "miscellaneous": {
      "name": "miscellaneous",
      "schema": "",
      "columns": {
        "id": {
          "name": "id",
          "type": "serial",
          "primaryKey": true,
          "notNull": true
        },
        "entryName": {
          "name": "entryName",
          "type": "varchar(100)",
          "primaryKey": false,
          "notNull": true
        },
        "entryType": {
          "name": "entryType",
          "type": "varchar(100)",
          "primaryKey": false,
          "notNull": true
        },
        "amount": {
          "name": "amount",
          "type": "numeric",
          "primaryKey": false,
          "notNull": true
        },
        "transferingTo": {
          "name": "transferingTo",
          "type": "varchar(100)",
          "primaryKey": false,
          "notNull": false
        },
        "transferingFrom": {
          "name": "transferingFrom",
          "type": "varchar(100)",
          "primaryKey": false,
          "notNull": false
        },
        "dueType": {
          "name": "dueType",
          "type": "varchar(100)",
          "primaryKey": false,
          "notNull": false
        },
        "userId": {
          "name": "userId",
          "type": "varchar(255)",
          "primaryKey": false,
          "notNull": true
        },
        "createdAt": {
          "name": "createdAt",
          "type": "date",
          "primaryKey": false,
          "notNull": true,
          "default": "now()"
        }
      },
      "indexes": {},
      "foreignKeys": {},
      "compositePrimaryKeys": {},
      "uniqueConstraints": {}
    },
    "needs": {
      "name": "needs",
      "schema": "",
      "columns": {
        "id": {
          "name": "id",
          "type": "serial",
          "primaryKey": true,
          "notNull": true
        },
        "amount": {
          "name": "amount",
          "type": "numeric",
          "primaryKey": false,
          "notNull": true
        },
        "description": {
          "name": "description",
          "type": "varchar(100)",
          "primaryKey": false,
          "notNull": true
        },
        "userId": {
          "name": "userId",
          "type": "varchar(255)",
          "primaryKey": false,
          "notNull": true
        },
        "bookId": {
          "name": "bookId",
          "type": "integer",
          "primaryKey": false,
          "notNull": true
        },
        "dueType": {
          "name": "dueType",
          "type": "varchar(100)",
          "primaryKey": false,
          "notNull": false
        },
        "createdAt": {
          "name": "createdAt",
          "type": "date",
          "primaryKey": false,
          "notNull": true,
          "default": "now()"
        }
      },
      "indexes": {},
      "foreignKeys": {},
      "compositePrimaryKeys": {},
      "uniqueConstraints": {}
    },
    "reports": {
      "name": "reports",
      "schema": "",
      "columns": {
        "id": {
          "name": "id",
          "type": "serial",
          "primaryKey": true,
          "notNull": true
        },
        "description": {
          "name": "description",
          "type": "varchar(1000)",
          "primaryKey": false,
          "notNull": true
        },
        "userId": {
          "name": "userId",
          "type": "varchar(255)",
          "primaryKey": false,
          "notNull": true
        },
        "createdAt": {
          "name": "createdAt",
          "type": "date",
          "primaryKey": false,
          "notNull": true,
          "default": "now()"
        }
      },
      "indexes": {},
      "foreignKeys": {},
      "compositePrimaryKeys": {},
      "uniqueConstraints": {}
    },
    "savings": {
      "name": "savings",
      "schema": "",
      "columns": {
        "id": {
          "name": "id",
          "type": "serial",
          "primaryKey": true,
          "notNull": true
        },
        "entryName": {
          "name": "entryName",
          "type": "varchar(100)",
          "primaryKey": false,
          "notNull": true
        },
        "entryType": {
          "name": "entryType",
          "type": "varchar(100)",
          "primaryKey": false,
          "notNull": true
        },
        "amount": {
          "name": "amount",
          "type": "numeric",
          "primaryKey": false,
          "notNull": true
        },
        "dueType": {
          "name": "dueType",
          "type": "varchar(100)",
          "primaryKey": false,
          "notNull": false
        },
        "transferingTo": {
          "name": "transferingTo",
          "type": "varchar(100)",
          "primaryKey": false,
          "notNull": false
        },
        "transferingFrom": {
          "name": "transferingFrom",
          "type": "varchar(100)",
          "primaryKey": false,
          "notNull": false
        },
        "userId": {
          "name": "userId",
          "type": "varchar(255)",
          "primaryKey": false,
          "notNull": true
        },
        "createdAt": {
          "name": "createdAt",
          "type": "date",
          "primaryKey": false,
          "notNull": true,
          "default": "now()"
        }
      },
      "indexes": {},
      "foreignKeys": {},
      "compositePrimaryKeys": {},
      "uniqueConstraints": {}
    },
    "session": {
      "name": "session",
      "schema": "",
      "columns": {
        "sessionToken": {
          "name": "sessionToken",
          "type": "varchar(255)",
          "primaryKey": true,
          "notNull": true
        },
        "userId": {
          "name": "userId",
          "type": "varchar(255)",
          "primaryKey": false,
          "notNull": true
        },
        "expires": {
          "name": "expires",
          "type": "date",
          "primaryKey": false,
          "notNull": true
        }
      },
      "indexes": {},
      "foreignKeys": {},
      "compositePrimaryKeys": {},
      "uniqueConstraints": {}
    },
    "user": {
      "name": "user",
      "schema": "",
      "columns": {
        "id": {
          "name": "id",
          "type": "varchar(255)",
          "primaryKey": true,
          "notNull": true
        },
        "name": {
          "name": "name",
          "type": "varchar(255)",
          "primaryKey": false,
          "notNull": false
        },
        "email": {
          "name": "email",
          "type": "varchar(255)",
          "primaryKey": false,
          "notNull": true
        },
        "emailVerified": {
          "name": "emailVerified",
          "type": "date",
          "primaryKey": false,
          "notNull": false,
          "default": "now()"
        },
        "image": {
          "name": "image",
          "type": "varchar(255)",
          "primaryKey": false,
          "notNull": false
        },
        "monthlyIncome": {
          "name": "monthlyIncome",
          "type": "numeric",
          "primaryKey": false,
          "notNull": false
        },
        "needsPercentage": {
          "name": "needsPercentage",
          "type": "numeric",
          "primaryKey": false,
          "notNull": true,
          "default": "'50'"
        },
        "wantsPercentage": {
          "name": "wantsPercentage",
          "type": "numeric",
          "primaryKey": false,
          "notNull": true,
          "default": "'30'"
        },
        "investmentsPercentage": {
          "name": "investmentsPercentage",
          "type": "numeric",
          "primaryKey": false,
          "notNull": true,
          "default": "'20'"
        },
        "savingsBalance": {
          "name": "savingsBalance",
          "type": "numeric",
          "primaryKey": false,
          "notNull": true,
          "default": "'0'"
        },
        "totalInvested": {
          "name": "totalInvested",
          "type": "numeric",
          "primaryKey": false,
          "notNull": true,
          "default": "'0'"
        },
        "investmentsBalance": {
          "name": "investmentsBalance",
          "type": "numeric",
          "primaryKey": false,
          "notNull": true,
          "default": "'0'"
        },
        "miscellanousBalance": {
          "name": "miscellanousBalance",
          "type": "numeric",
          "primaryKey": false,
          "notNull": true,
          "default": "'0'"
        },
        "duePayable": {
          "name": "duePayable",
          "type": "numeric",
          "primaryKey": false,
          "notNull": true,
          "default": "'0'"
        },
        "dueReceiveble": {
          "name": "dueReceiveble",
          "type": "numeric",
          "primaryKey": false,
          "notNull": true,
          "default": "'0'"
        },
        "currency": {
          "name": "currency",
          "type": "varchar(1)",
          "primaryKey": false,
          "notNull": true,
          "default": "'₹'"
        }
      },
      "indexes": {},
      "foreignKeys": {},
      "compositePrimaryKeys": {},
      "uniqueConstraints": {}
    },
    "verificationToken": {
      "name": "verificationToken",
      "schema": "",
      "columns": {
        "identifier": {
          "name": "identifier",
          "type": "varchar(255)",
          "primaryKey": false,
          "notNull": true
        },
        "token": {
          "name": "token",
          "type": "varchar(255)",
          "primaryKey": false,
          "notNull": true
        },
        "expires": {
          "name": "expires",
          "type": "date",
          "primaryKey": false,
          "notNull": true
        }
      },
      "indexes": {},
      "foreignKeys": {},
      "compositePrimaryKeys": {
        "verificationToken_identifier_token": {
          "name": "verificationToken_identifier_token",
          "columns": [
            "identifier",
            "token"
          ]
        }
      },
      "uniqueConstraints": {}
    },
    "wants": {
      "name": "wants",
      "schema": "",
      "columns": {
        "id": {
          "name": "id",
          "type": "serial",
          "primaryKey": true,
          "notNull": true
        },
        "amount": {
          "name": "amount",
          "type": "numeric",
          "primaryKey": false,
          "notNull": true
        },
        "description": {
          "name": "description",
          "type": "varchar(100)",
          "primaryKey": false,
          "notNull": true
        },
        "userId": {
          "name": "userId",
          "type": "varchar(255)",
          "primaryKey": false,
          "notNull": true
        },
        "bookId": {
          "name": "bookId",
          "type": "integer",
          "primaryKey": false,
          "notNull": true
        },
        "dueType": {
          "name": "dueType",
          "type": "varchar(100)",
          "primaryKey": false,
          "notNull": false
        },
        "createdAt": {
          "name": "createdAt",
          "type": "date",
          "primaryKey": false,
          "notNull": true,
          "default": "now()"
        }
      },
      "indexes": {},
      "foreignKeys": {},
      "compositePrimaryKeys": {},
      "uniqueConstraints": {}
    }
  },
  "enums": {},
  "schemas": {},
  "_meta": {
    "schemas": {},
    "tables": {},
    "columns": {}
  }
}